pid,source_chapter,source_chapter_title,source_title,source_line
P-MET-01,1,基础约定与可复用数学工具,核与读出的数据处理。,140
P-MET-02,1,基础约定与可复用数学工具,跨度估计。,153
P-PROC-01,2,世界过程、实验协议与时间,历史状态化。,199
P-FAC-01,3,因子、表示协变与对象候选,,254
P-PRED-01,4,规范预测身份：存在、最小性、细化与更新,共同协议的规范最小性。,294
P-PRED-02,4,规范预测身份：存在、最小性、细化与更新,目标推送与协议细化。,330
P-PRED-03,4,规范预测身份：存在、最小性、细化与更新,有限字母过程的递归更新。,351
P-INFO-01,5,预测信息、记忆复杂度与可压缩性,,376
P-INFO-02,5,预测信息、记忆复杂度与可压缩性,,397
P-INFO-03,5,预测信息、记忆复杂度与可压缩性,零失真复杂度。,432
P-INFO-04,5,预测信息、记忆复杂度与可压缩性,Fano 型身份下界。,450
P-INFO-05,5,预测信息、记忆复杂度与可压缩性,,468
P-INT-01,6,结构化开放、环境接口与因果边界,结构化充分性的充要条件。,488
P-INT-02,6,结构化开放、环境接口与因果边界,,524
P-INT-03,6,结构化开放、环境接口与因果边界,,570
P-DYN-01,7,动态闭合、一般过程与多尺度一致性,strong lumpability。,587
P-DYN-02,7,动态闭合、一般过程与多尺度一致性,,603
P-DYN-03,7,动态闭合、一般过程与多尺度一致性,同策略路径误差。,623
P-DYN-04,7,动态闭合、一般过程与多尺度一致性,,640
P-PER-01,8,持续性：不变结构、可行性与相对身份,,679
P-PER-02,8,持续性：不变结构、可行性与相对身份,,705
P-PER-03,8,持续性：不变结构、可行性与相对身份,,729
P-PER-04,8,持续性：不变结构、可行性与相对身份,切向必要性。,745
P-REC-01,9,恢复、扰动与规范恢复势,,760
P-REC-02,9,恢复、扰动与规范恢复势,,783
P-REC-03,9,恢复、扰动与规范恢复势,,804
P-REC-04,9,恢复、扰动与规范恢复势,漂移推出恢复时间。,814
P-QSD-01,10,准平稳、谱与持续时间窗,条件稳定化的逆向结论。,847
P-QSD-02,10,准平稳、谱与持续时间窗,,879
P-QSD-03,10,准平稳、谱与持续时间窗,,901
P-QSD-04,10,准平稳、谱与持续时间窗,,928
P-ID-01,11,历史身份、运输与发展定律,运输缺损累计。,971
P-ID-02,11,历史身份、运输与发展定律,发展管道。,1007
P-OMG-01,12,对象证书与因果完整性 Ω,极小毁损重建。,1077
P-OMG-02,12,对象证书与因果完整性 Ω,,1095
P-CAR-01,13,预测身份的实现、冗余与毁损对偶,,1135
P-CAR-02,13,预测身份的实现、冗余与毁损对偶,,1151
P-CAR-03,13,预测身份的实现、冗余与毁损对偶,双 blocker。,1157
P-CAR-04,13,预测身份的实现、冗余与毁损对偶,,1196
P-RES-01,14,分辨率、粗粒化与微观实现的不确定区间,极小性质的粗粒化。,1223
P-RES-02,14,分辨率、粗粒化与微观实现的不确定区间,复合律。,1233
P-RES-03,14,分辨率、粗粒化与微观实现的不确定区间,blocker 的尺度自然性。,1267
P-RES-04,14,分辨率、粗粒化与微观实现的不确定区间,伴随三元组。,1294
P-RES-05,14,分辨率、粗粒化与微观实现的不确定区间,,1324
P-RES-06,14,分辨率、粗粒化与微观实现的不确定区间,对象相关的唯一性。,1337
P-COMP-01,15,组合、重叠与父对象的生成,,1364
P-COMP-02,15,组合、重叠与父对象的生成,,1386
P-COMP-03,15,组合、重叠与父对象的生成,,1402
P-COMP-04,15,组合、重叠与父对象的生成,,1422
P-COMP-05,15,组合、重叠与父对象的生成,,1451
P-COMP-06,15,组合、重叠与父对象的生成,物理载体到联盟的提升。,1465
P-COMP-07,15,组合、重叠与父对象的生成,,1491
P-STAT-01,16,有限数据认证：响应、载体与协议,有限字母 TV 同时界。,1512
P-STAT-02,16,有限数据认证：响应、载体与协议,,1536
P-STAT-03,16,有限数据认证：响应、载体与协议,固定容差族恢复。,1555
P-STAT-04,16,有限数据认证：响应、载体与协议,精确族恢复。,1565
P-STAT-05,16,有限数据认证：响应、载体与协议,,1596
P-STAT-06,16,有限数据认证：响应、载体与协议,嵌入同时误差。,1617
P-STAT-07,16,有限数据认证：响应、载体与协议,核运输协变。,1632
P-STAT-08,16,有限数据认证：响应、载体与协议,有限候选发现。,1653
P-STAT-09,16,有限数据认证：响应、载体与协议,平均误差运输。,1673
P-INV-01,17,逆对象、逆动力学与逆目的的可识别性,二元检验下界。,1696
P-INV-02,17,逆对象、逆动力学与逆目的的可识别性,,1717
P-INV-03,17,逆对象、逆动力学与逆目的的可识别性,,1723
P-INV-04,17,逆对象、逆动力学与逆目的的可识别性,,1747
P-INV-05,17,逆对象、逆动力学与逆目的的可识别性,,1757
P-TEL-01,18,可行未来、价值与目的桥接,折扣势函数等价。,1832
P-CTL-01,19,最优控制与 GOD,Bellman 存在与最优性。,1877
P-CTL-02,19,最优控制与 GOD,,1918
P-CTL-03,19,最优控制与 GOD,,1932
P-QUO-01,20,对象商如何保持决策与价值,,1973
P-QUO-02,20,对象商如何保持决策与价值,,2001
P-QUO-03,20,对象商如何保持决策与价值,,2024
P-QUO-04,20,对象商如何保持决策与价值,,2042
P-QUO-05,20,对象商如何保持决策与价值,占据加权的商策略后悔。,2063
P-GOA-01,21,GOA：长期结构的存在与稳定性,,2103
P-GOA-02,21,GOA：长期结构的存在与稳定性,,2129
P-GOA-03,21,GOA：长期结构的存在与稳定性,,2155
P-GOA-04,21,GOA：长期结构的存在与稳定性,,2186
P-KL-01,22,路径信息代价、可达作用与变分实现,,2214
P-KL-02,22,路径信息代价、可达作用与变分实现,,2227
P-KL-03,22,路径信息代价、可达作用与变分实现,，证明。,2260
P-KL-04,22,路径信息代价、可达作用与变分实现,,2271
P-KL-05,22,路径信息代价、可达作用与变分实现,可观测性修正的控制能量关系。,2302
P-DDH-01,23,Π/Φ、约束几何与双驱动的严格版本,,2348
P-DDH-02,23,Π/Φ、约束几何与双驱动的严格版本,,2370
P-DDH-03,23,Π/Φ、约束几何与双驱动的严格版本,矩约束下的变分最小性。,2380
P-DDH-04,23,Π/Φ、约束几何与双驱动的严格版本,,2402
P-DDH-05,23,Π/Φ、约束几何与双驱动的严格版本,有效维数阈值。,2426
P-ALI-01,24,多层级价值、可积性与协调机制,全局可积判据。,2462
P-ALI-02,24,多层级价值、可积性与协调机制,,2489
P-ALI-03,24,多层级价值、可积性与协调机制,,2507
P-EVO-01,25,繁殖、遗传与正算子演化,选择与传递的精确分解。,2551
P-EVO-02,25,繁殖、遗传与正算子演化,无关标签会膨胀遗传信息。,2568
P-EVO-03,25,繁殖、遗传与正算子演化,平均增长和繁殖价值。,2589
P-EVO-04,25,繁殖、遗传与正算子演化,繁殖价值鞅。,2609
P-BRG-01,26,个体性转变与内生目的桥,无突变的固定适合度集中。,2652
P-BRG-02,26,个体性转变与内生目的桥,行为等价的选择不可分辨性。,2680
P-REF-01,27,反身结构、信念学习与能动性,反身状态增广。,2710
P-REF-02,27,反身结构、信念学习与能动性,信念充分性。,2729
P-REF-03,27,反身结构、信念学习与能动性,免费信息的决策价值非负。,2739
P-REF-04,27,反身结构、信念学习与能动性,统一目标误差的后悔界。,2753
P-REF-05,27,反身结构、信念学习与能动性,可行选择扩展的单调性。,2779
P-API-01,28,完整接口、算法与组合契约,精确与近似过程接口的复合。,2878
P-ALG-01,28,完整接口、算法与组合契约,有限稳定分割的正确性与最粗性。,2911
P-CORE-01,31,统一装配：核心能共同推出什么,有限对象—实现—控制认证装配。,3198
