UEOT.V3.Compression.BayesianRecursiveClosure.p_ref_02_zero_evidence_boundary	UEOT.V3.FiniteBayesBelief.updateResult_eq_modelConflict_iff
UEOT.V3.Compression.BayesianRecursiveClosure.p_ref_02_zero_evidence_boundary	UEOT.V3.PRef02.p_ref_02_discrete_modelConflict
UEOT.V3.Compression.TheoryCompletion.generalPosterior_barycenter_consistency	UEOT.V3.GeneralBayesPosterior.posterior_comp_observation
UEOT.V3.Compression.TheoryCompletion.generalPosterior_barycenter_consistency	UEOT.V3.PRef02.p_ref_02_general_update
UEOT.V3.Compression.TheoryCompletion.ScientificClosure.SISC.all_future_trace_equivalence_not_markov_lumpable	UEOT.V3.Compression.TheoryCompletion.UnifiedClosure.unrestricted_stochastic_trace_lumping_is_false
UEOT.V3.Compression.TheoryCompletion.ScientificClosure.SISC.all_future_trace_equivalence_not_markov_lumpable	UEOT.V3.Compression.TheoryCompletion.UnifiedClosure.generic_stochastic_trace_quotient_cannot_be_forced
UEOT.V3.AlignmentParentValue.p_ali_02_core	UEOT.V3.Compression.ValueAlignment.p_ali_02_core_via_mva
UEOT.V3.AlignmentParentValue.p_ali_02	UEOT.V3.Compression.ValueAlignment.p_ali_02_via_mva
UEOT.V3.Compression.ContractiveFixedPoint.bellman_valueError_le_residual_via_mcf	UEOT.V3.FiniteDiscountedControl.Model.valueError_le_residual
UEOT.V3.Compression.ContractiveFixedPoint.bellman_fixedPoint_unique_via_mcf	UEOT.V3.FiniteDiscountedControl.Model.fixedPoint_unique
UEOT.V3.Compression.Objecthood.meanHomeostasis_does_not_imply_pathwiseRecurrent	UEOT.V3.Compression.Objecthood.JointHomeostasis.meanHomeostasis_not_enough_for_pathwiseRecurrent
UEOT.V3.Compression.Objecthood.JointHomeostasis.programObservationCollision_blocks_exactReconstruction	UEOT.V3.Compression.Objecthood.RepairLawSelfReconstruction.no_exact_behavioral_reconstruction_of_observation_collision
UEOT.V3.Compression.Objecthood.OntogeneticConstruction.assembleRepairOrganization_mem_jointLegitimate	UEOT.V3.Compression.Objecthood.OntogeneticConstruction.seed_constructs_jointLegitimate
UEOT.V3.Compression.Objecthood.stochasticObjecthood_strictly_extends_strongRepair	UEOT.V3.Compression.Objecthood.GeometricRetryWitness.strict_separation
UEOT.V3.Compression.OccupationLimitInvariance.p_goa_01_via_occupationLimit	UEOT.V3.FiniteCesaroInvariant.p_goa_01
UEOT.V3.Compression.OccupationLimitInvariance.feller_invariant_of_occupation_tendsto	UEOT.V3.PersistenceOccupation.FellerOccupationSystem.invariant_of_occupation_tendsto
UEOT.V3.Compression.OccupationLimitInvariance.p_per_02_via_occupationLimit	UEOT.V3.PersistenceOccupation.FellerOccupationSystem.p_per_02
UEOT.V3.Compression.TheoryCompletion.p12_inverseObjecthood_certification_input	UEOT.V3.Compression.TheoryCompletion.InverseObjecthood.ChangingObjectClassDiscoveryContract.classFailure_tendsto_zero
UEOT.V3.Compression.TheoryCompletion.InverseObjecthood.equalControlData_still_does_not_identify_parent	UEOT.V3.Compression.TheoryCompletion.identical_historyControlSpec_does_not_imply_sameParent
UEOT.V3.Compression.TheoryCompletion.ScientificClosure.SISC.zero_formation_error_does_not_identify_parent	UEOT.V3.Compression.TheoryCompletion.UnifiedClosure.zero_two_stage_error_does_not_force_parent_uniqueness
UEOT.V3.Compression.TheoryCompletion.ScientificClosure.SISC.stable_quotient_transition_nonnegative	UEOT.V3.FiniteStablePartition.quotientTransition_nonneg
UEOT.V3.Compression.TheoryCompletion.StatisticalConsistency.ChangingSampleEventContract.bad_probability_tendsto_zero	UEOT.V3.Compression.TheoryCompletion.StatisticalConsistency.p3_marginal_failure_tendsto_zero
UEOT.V3.Compression.TheoryCompletion.p11_girsanov_terminal_adapter	UEOT.V3.GirsanovPathKL.TerminalGirsanovData.p_kl_05
UEOT.V3.Compression.TheoryCompletion.p11_diffusionHJB_terminal_adapter	UEOT.V3.DiffusionHJBVerification.p_ctl_03
UEOT.V3.Compression.TheoryCompletion.UnifiedClosure.flip_physical_seed_cannot_select_two_programs	UEOT.V3.Compression.TheoryCompletion.UnifiedClosure.same_physical_seed_program_reconstruction_no_go
UEOT.V3.Compression.TopologyChangingGoaFunctionalGraphClassification.detKernel_dobrushin_dichotomy	UEOT.V3.Compression.TopologyChangingGoaTrackSClosure.deterministic_dobrushin_dichotomy
UEOT.V3.Compression.TransportCertificate.processInterface_approx_via_twoStage	UEOT.V3.ProcessInterface.p_api_01_approx
UEOT.V3.Compression.TransportCertificate.processInterface_exact_source_via_twoStage	UEOT.V3.ProcessInterface.p_api_01_exact
UEOT.V3.Compression.TransportCertificate.dynamicsCrossScale_approx_via_twoStage	UEOT.V3.DynamicsCrossScale.p_dyn_04_cross_scale_tv
UEOT.V3.Compression.TransportCertificate.dynamicsCrossScale_exact_via_factor	UEOT.V3.DynamicsCrossScale.p_dyn_04_exact_intertwining
UEOT.V3.Compression.TransportCertificate.p_dyn_03_via_multiplicative_chain	UEOT.V3.PathError.p_dyn_03_finite_path_error
UEOT.V3.FiniteBayesBelief.evidence_sum_one	UEOT.V3.PRef02.p_ref_02_discrete_observation
UEOT.V3.FiniteBayesBelief.posterior_mass	UEOT.V3.PRef02.p_ref_02_discrete_posterior
UEOT.V3.GeneralBayesPosterior.posterior_reconstructs_joint	UEOT.V3.PRef02.p_ref_02_general_joint
UEOT.V3.InformationPacking.tvDist_symm	UEOT.V3.StatisticalDefect.tvDist_symm
UEOT.V3.AverageErrorTransport.expectation_le_of_tvDist_le	UEOT.V3.AverageErrorTransport.p_stat_09_tv
UEOT.V3.FiniteStablePartition.quotientTransition_mk	UEOT.V3.FiniteStablePartition.quotient_one_step_preserved
UEOT.V3.HistoryMarkovization.HistoryMachine.markovized_readout_apply	UEOT.V3.HistoryMarkovization.HistoryMachine.markovized_kernel_readout_apply
UEOT.V3.SelectionBridge.ReplicationBridge.behavior_equiv_fitness_eq	UEOT.V3.SelectionBridge.ReplicationBridge.behavior_equiv_same_multiplier
UEOT.V3.StatisticalDefect.responseDefect_error	UEOT.V3.StatisticalDefect.p_stat_02
